{
  "client_meta": {
    "background_color": {
      "r": 0.11764705926179886,
      "g": 0.11764705926179886,
      "b": 0.11764705926179886,
      "a": 1
    },
    "thumbnail_size": {
      "width": 400,
      "height": 305
    },
    "render_coordinates": {
      "x": 176.14309692382812,
      "y": -781,
      "width": 11822.8564453125,
      "height": 9001
    }
  },
  "file_name": "*26 Solvely Design System Refresh",
  "developer_related_links": [],
  "exported_at": "2026-06-01T15:09:31.011Z"
}
